caseID,patSat,q2,q3,q4,q5,q6,q7,q8,q9,ptCat
0,2,8,8,2,2,2,6,8,6,0
1,7,8,8,7,6,8,9,8,10,2
2,5,3,3,3,5,4,4,7,7,0
3,8,7,6,8,8,8,8,8,8,1
4,2,1,1,1,1,10,2,10,8,0
5,7,8,8,5,6,8,8,10,10,0
6,10,10,10,10,10,10,10,10,10,2
7,7,8,8,7,7,7,8,5,7,1
8,5,5,6,4,7,6,4,9,9,0
9,1,2,3,1,1,1,5,10,10,0
10,4,4,8,6,6,7,6,8,8,1
11,6,10,8,8,8,10,10,8,10,1
12,2,1,9,3,6,6,7,9,9,0
13,6,6,6,7,6,7,8,8,7,1
14,5,8,5,2,5,5,5,10,10,1
15,8,5,6,5,8,9,9,9,9,2
16,4,3,4,3,4,3,3,3,2,0
17,9,6,6,6,6,6,6,10,5,1
18,3,5,5,2,2,5,7,9,7,0
19,7,7,7,4,8,7,8,9,8,1
20,10,10,10,9,8,10,10,10,9,2
21,6,6,6,8,8,8,7,8,8,1
22,7,3,3,5,8,8,7,10,10,0
23,8,10,10,10,8,8,10,10,10,2
24,3,3,3,1,2,7,7,7,7,0
25,10,5,10,10,10,10,10,10,10,2
26,1,8,4,1,1,1,8,2,8,0
27,5,6,8,5,8,8,8,5,8,1
28,8,9,9,10,9,10,10,10,8,1
29,10,9,9,7,8,7,10,10,8,1
30,5,3,8,7,6,5,8,8,4,1
31,8,3,5,4,7,8,2,9,9,0
32,8,5,3,6,9,9,9,9,9,0
33,9,10,9,9,7,10,10,10,10,2
34,5,5,5,5,5,5,5,5,5,1
35,4,7,6,5,5,7,9,3,5,1
36,5,1,1,1,4,7,6,6,6,0
37,9,7,7,9,8,8,8,8,7,2
38,5,5,1,2,5,5,10,5,5,0
39,2,1,2,5,5,5,5,5,5,0
40,5,6,6,9,9,9,9,9,9,1
41,10,10,10,10,10,10,10,10,10,2
42,1,1,1,1,1,1,1,1,1,0
43,9,5,7,5,9,9,7,10,10,1
44,4,8,10,6,4,4,4,10,5,2
45,5,6,6,5,5,5,5,6,5,1
46,9,1,1,10,10,10,10,10,10,0
47,5,2,1,4,4,8,6,7,8,0
48,5,3,10,8,4,8,8,8,8,0
49,5,5,5,5,5,4,5,5,4,0
50,2,7,7,8,3,3,6,7,8,0
51,8,8,8,9,8,8,10,8,5,2
52,6,8,8,4,7,8,9,9,9,2
53,1,5,8,3,1,1,1,10,1,0
54,4,8,8,4,1,1,4,9,9,0
55,4,5,5,4,4,9,3,8,9,1
56,7,8,4,9,5,9,9,7,9,0
57,6,9,5,5,5,6,5,6,6,2
58,5,5,5,3,1,1,5,5,10,0
59,8,7,8,7,7,8,7,8,8,2
60,5,5,5,2,2,2,7,5,6,0
61,10,8,8,8,10,8,10,8,10,2
62,6,5,8,2,6,10,10,10,10,1
63,9,8,8,9,9,9,9,9,9,2
64,2,5,5,10,5,5,5,10,5,1
65,2,3,3,1,2,1,5,1,1,0
66,7,8,8,6,8,8,8,8,8,1
67,10,10,10,10,10,10,10,10,10,2
68,5,5,3,7,9,7,7,8,10,0
69,7,7,6,7,7,7,8,8,8,2
70,10,10,10,10,10,10,10,10,10,2
71,5,6,6,5,5,6,4,4,5,1
72,8,10,10,8,6,10,10,10,10,2
73,1,10,5,10,2,10,10,10,10,0
74,9,7,9,7,9,10,10,10,10,1
75,5,4,1,2,7,7,7,7,7,0
76,1,1,1,1,1,5,5,5,1,0
77,3,5,5,2,2,7,2,5,8,0
78,4,4,2,5,5,5,5,10,10,0
79,10,10,10,10,10,10,10,10,10,2
80,8,9,9,8,6,10,10,10,10,2
81,6,8,7,7,6,6,7,6,6,1
82,7,6,5,6,5,8,7,8,7,1
83,6,4,3,7,7,8,6,8,9,0
84,8,8,8,8,10,4,10,8,10,2
85,5,8,8,8,5,5,8,8,8,1
86,5,6,7,1,5,7,7,9,9,0
87,4,9,10,9,3,9,9,9,8,2
88,9,9,8,9,9,10,8,9,9,2
89,2,2,6,2,2,6,8,6,8,0
90,7,6,7,6,8,8,8,8,7,1
91,8,5,8,7,4,8,9,10,10,0
92,4,2,5,4,5,5,5,4,5,0
93,3,8,8,4,4,3,3,3,3,2
94,8,8,8,5,8,10,10,10,10,2
95,6,4,6,4,6,6,6,6,6,0
96,6,5,8,6,6,6,7,8,8,0
97,9,5,9,8,7,9,9,8,10,1
98,8,8,8,7,7,9,8,5,8,1
99,10,10,10,10,5,10,10,10,10,2
100,8,9,9,8,9,9,9,9,10,2
101,10,9,9,10,10,10,10,10,10,2
102,9,5,8,8,9,9,9,9,8,2
103,6,5,5,5,6,7,5,6,6,1
104,10,5,5,6,6,5,8,6,5,1
105,8,8,5,9,8,10,10,10,10,1
106,8,8,8,8,8,8,8,8,10,2
107,8,9,9,10,10,10,10,10,10,2
108,5,1,1,1,5,6,7,6,6,0
109,10,10,10,10,10,10,10,10,10,2
110,4,5,7,7,5,8,8,10,10,1
111,8,8,10,9,7,9,8,10,10,2
112,1,5,5,1,1,1,8,8,9,0
113,9,9,8,9,9,9,9,9,9,2
114,7,5,7,7,8,5,7,7,8,1
115,8,10,10,10,10,10,10,10,10,2
116,10,10,10,10,10,10,10,10,10,2
117,9,8,8,6,6,8,8,10,10,2
118,5,3,1,5,7,7,8,8,7,0
119,9,8,4,5,8,8,9,9,8,2
120,10,8,10,10,10,10,8,10,9,2
121,8,8,8,8,8,9,9,10,10,1
122,5,5,6,7,6,7,7,8,7,0
123,8,8,10,9,6,9,8,9,9,2
124,6,6,8,8,4,9,7,10,10,1
125,7,6,6,8,8,10,8,10,10,1
126,4,4,8,4,4,5,5,4,8,0
127,7,6,7,8,7,9,7,8,9,1
128,5,3,3,5,3,8,8,8,8,0
129,10,7,8,7,10,10,10,10,10,2
130,9,9,9,9,8,8,9,9,8,2
131,7,4,5,6,8,8,7,9,8,1
132,8,7,8,7,7,8,8,7,8,1
133,5,8,8,6,5,7,7,7,7,2
134,9,10,8,10,10,10,10,10,10,2
135,5,1,1,5,10,10,5,10,10,1
136,5,5,5,7,5,7,5,7,7,0
137,7,8,8,8,7,8,8,10,8,1
138,3,8,4,2,3,3,3,8,10,0
139,5,5,5,6,5,5,6,6,6,1
140,5,2,2,7,7,8,9,7,8,0
141,4,2,5,4,4,5,5,7,8,0
142,8,7,7,10,10,10,10,10,10,1
143,9,8,8,5,9,9,8,9,9,2
144,8,7,9,9,8,9,9,9,9,2
145,7,8,8,8,6,10,10,10,10,2
146,5,5,4,5,5,10,10,10,10,1
147,3,2,7,2,4,4,7,8,8,0
148,5,8,8,3,5,8,9,8,8,1
149,9,10,8,9,9,9,9,9,9,2
150,5,5,3,3,5,5,5,8,8,0
151,8,10,8,10,8,8,10,10,10,2
152,5,8,8,7,7,8,8,10,10,0
153,5,5,5,8,5,8,8,8,8,1
154,1,2,2,2,2,2,2,8,7,0
155,10,10,10,10,10,10,10,10,10,2
156,10,10,10,9,8,10,10,10,10,1
157,10,7,7,6,9,10,9,9,10,2
158,4,5,5,2,5,5,5,5,5,1
159,3,3,4,4,3,7,8,7,6,0
160,9,8,3,10,10,10,10,10,10,2
161,9,9,9,8,10,10,10,10,10,2
162,8,5,8,7,7,7,9,8,9,1
163,2,7,6,5,6,5,5,7,6,0
164,3,2,2,5,5,5,5,5,5,0
165,8,10,8,10,8,10,10,10,8,2
166,10,10,8,10,10,10,10,10,10,2
167,9,8,9,8,7,10,10,10,10,2
168,2,3,8,2,3,10,3,8,8,0
169,8,8,5,8,8,10,10,10,10,2
170,10,10,7,10,10,10,10,10,10,2
171,10,4,6,5,5,10,10,10,4,2
172,2,5,7,6,2,7,2,6,7,0
173,1,1,5,5,2,2,1,10,10,0
174,8,8,9,8,9,9,9,9,8,2
175,9,9,10,9,9,9,9,9,9,2
176,4,3,3,2,3,7,7,7,7,0
177,1,5,5,3,1,1,3,3,1,0
178,10,10,10,8,8,10,10,10,10,2
179,8,5,5,5,8,8,8,8,8,1
180,6,8,8,8,8,10,8,7,8,2
181,2,5,5,5,4,7,7,7,7,1
182,7,7,7,8,7,7,7,8,8,1
183,1,3,2,2,1,2,1,5,8,0
184,2,1,2,5,2,5,5,10,9,0
185,10,2,2,2,5,2,2,2,2,0
186,5,2,3,3,4,5,8,8,6,1
187,6,5,5,6,8,7,8,8,8,1
188,1,10,8,5,5,5,3,5,6,0
189,8,8,10,8,10,8,10,8,8,2
190,9,9,9,9,4,2,5,9,9,2
191,8,7,8,7,3,8,8,8,8,1
192,10,6,6,10,10,10,10,10,10,2
193,3,6,4,7,3,8,8,8,7,0
194,8,4,4,8,8,9,10,10,10,2
195,8,5,5,5,10,10,10,10,10,2
196,2,2,2,2,2,6,7,6,7,0
197,6,5,6,7,7,8,5,9,4,0
198,5,8,6,5,5,9,5,8,7,2
199,6,6,6,6,5,7,7,7,6,1
200,5,6,5,7,7,8,8,8,7,1
201,7,7,7,5,5,7,5,5,5,1
202,8,8,8,8,8,9,9,9,9,1
203,6,6,10,8,6,10,8,9,9,1
204,7,5,8,7,8,8,6,8,8,1
205,9,1,9,9,9,9,9,9,9,2
206,5,7,8,9,9,8,9,9,9,1
207,7,7,7,8,8,8,7,8,8,1
208,5,4,3,1,4,10,10,10,2,1
209,2,8,8,1,3,8,3,5,3,1
210,3,5,1,2,2,3,5,7,5,0
211,6,8,9,9,8,8,7,8,10,1
212,6,6,6,8,7,7,8,9,9,1
213,9,8,8,8,9,8,10,8,5,2
214,5,3,9,7,3,5,8,8,8,1
215,10,1,9,8,1,8,9,10,7,2
216,8,6,6,7,8,8,6,8,10,1
217,4,4,4,7,7,8,8,8,8,0
218,7,5,4,5,6,8,8,8,8,1
219,2,4,7,3,3,3,4,8,8,0
220,1,1,1,1,1,1,1,5,5,0
221,5,7,7,5,2,9,7,9,6,1
222,2,5,5,2,3,3,2,2,3,1
223,1,4,2,1,1,1,1,2,1,0
224,1,1,5,1,1,1,10,10,7,0
225,8,8,8,8,8,8,8,8,8,2
226,5,5,5,5,7,9,7,7,7,1
227,8,8,8,2,8,8,10,6,10,2
228,5,5,5,10,4,7,10,10,7,0
229,7,7,7,7,5,7,5,7,7,1
230,7,8,8,6,7,6,6,9,6,2
231,8,7,7,9,9,9,9,9,9,2
232,4,5,5,5,5,7,7,7,7,0
233,10,10,7,10,10,10,10,10,10,1
234,7,3,4,5,5,8,6,5,5,0
235,5,6,4,5,6,10,8,9,4,2
236,8,7,7,8,7,8,8,8,9,1
237,7,7,7,6,6,8,9,8,10,2
238,6,7,7,7,10,10,8,8,8,1
239,10,8,8,10,10,10,10,10,10,2
240,2,3,1,2,3,3,8,8,8,0
241,7,7,7,7,5,3,8,1,3,0
242,4,8,8,7,5,5,7,8,5,2
243,10,10,10,9,9,10,10,10,10,2
244,5,10,10,5,5,10,10,10,10,1
245,8,6,10,8,10,10,10,10,10,2
246,8,8,10,8,8,8,8,8,8,2
247,1,5,1,1,1,5,10,10,10,0
248,5,7,7,5,5,5,8,5,8,1
249,10,10,10,10,10,10,10,10,10,2
250,7,7,7,8,7,7,8,8,8,1
251,2,1,2,3,1,4,2,4,4,0
252,10,10,10,10,10,10,10,10,10,2
253,2,1,1,1,3,3,3,3,4,0
254,5,5,5,3,5,5,5,5,5,1
255,10,8,10,9,10,9,10,9,9,2
256,8,8,7,9,5,9,8,7,7,2
257,10,10,9,8,10,10,8,8,8,2
258,8,7,6,5,8,8,8,7,7,1
259,2,5,5,3,2,5,2,5,5,0
260,9,10,10,10,10,10,10,10,10,2
261,9,7,8,5,9,8,9,8,8,2
262,7,3,3,5,3,5,5,7,5,0
263,2,5,5,3,3,2,5,5,5,0
264,10,10,10,10,10,10,10,10,10,2
265,4,4,8,5,5,5,7,5,5,0
266,6,7,6,7,6,3,7,3,5,1
267,8,7,7,10,10,10,10,10,10,1
268,10,10,10,10,10,8,10,10,10,2
269,8,5,8,5,5,10,10,10,10,1
270,7,4,8,7,7,7,7,7,7,1
271,1,1,4,1,1,1,1,1,1,0
272,8,9,9,7,7,9,9,9,8,2
273,5,5,8,7,6,6,6,5,5,1
274,9,8,8,8,10,10,10,10,10,2
275,10,10,10,5,3,9,9,7,5,2
276,10,10,10,10,10,10,10,10,10,2
277,10,7,8,6,8,10,5,10,10,1
278,4,4,4,3,3,3,3,6,3,0
279,5,4,5,5,5,8,8,8,8,1
280,5,5,5,4,5,8,7,8,7,1
281,7,8,8,8,8,8,8,8,8,2
282,5,5,5,8,10,10,10,10,10,1
283,5,4,4,5,6,4,5,8,2,0
284,9,7,5,5,6,8,8,8,8,1
285,7,6,4,6,8,7,8,9,9,1
286,5,3,3,5,4,7,7,5,7,1
287,10,10,10,10,10,10,10,10,10,2
288,8,9,9,5,8,9,9,9,9,2
289,8,5,5,8,8,10,8,8,8,2
290,4,5,5,1,3,8,7,8,8,0
291,7,7,7,6,5,7,7,8,8,1
292,5,6,6,5,6,6,6,7,6,1
293,1,1,1,1,1,4,4,1,1,0
294,5,8,8,7,5,6,9,9,9,1
295,7,7,7,8,8,6,9,7,7,1
296,7,7,6,8,7,8,9,7,8,1
297,5,7,7,5,6,8,8,8,8,1
298,2,5,5,3,2,2,8,8,8,0
299,3,2,5,2,2,5,3,5,5,1
300,10,9,10,8,10,10,10,10,10,2
301,5,5,7,5,5,7,5,8,8,1
302,7,8,10,8,8,8,8,8,7,1
303,5,8,8,7,4,5,5,7,8,1
304,6,6,5,5,5,5,9,8,9,0
305,5,5,7,7,7,7,5,7,7,1
306,8,9,8,5,7,9,9,9,9,2
307,9,9,10,6,6,8,8,7,7,2
308,8,5,5,5,5,10,5,10,10,1
309,7,10,10,7,7,10,10,10,10,1
310,9,8,8,8,4,10,10,9,10,2
311,10,5,8,5,8,10,10,10,10,2
312,10,10,10,5,10,8,10,10,10,2
313,2,5,5,2,3,3,4,5,8,1
314,2,5,2,5,2,2,5,5,2,0
315,3,1,1,3,5,6,6,6,6,0
316,7,8,7,7,7,5,9,5,5,2
317,8,8,10,8,7,8,8,10,10,2
318,5,5,5,5,7,8,6,8,8,1
319,5,7,8,6,4,7,8,9,9,1
320,9,8,8,9,10,10,10,10,10,2
321,5,8,9,8,5,7,8,7,8,2
322,4,3,1,8,7,8,8,8,8,0
323,8,8,8,8,8,8,8,8,8,2
324,4,1,1,1,5,6,8,8,8,0
325,4,9,9,9,6,9,9,9,9,0
326,7,2,5,7,8,8,8,8,8,0
327,10,10,10,10,10,10,10,10,10,2
328,8,6,8,7,8,8,8,10,10,1
329,5,5,7,1,6,2,7,2,8,1
330,2,8,8,1,1,8,8,8,8,0
331,8,8,7,7,7,6,8,8,8,1
332,3,2,5,4,5,5,5,5,5,0
333,10,10,10,10,7,10,10,10,10,2
334,5,4,4,4,6,5,5,6,6,0
335,5,5,2,10,10,10,10,10,10,0
336,8,9,8,6,8,8,7,8,7,2
337,9,7,7,9,9,9,10,10,10,2
338,5,5,8,5,5,5,5,8,5,1
339,6,8,10,5,8,10,8,10,10,2
340,7,10,10,8,7,8,8,10,10,2
341,3,3,3,5,5,9,8,8,8,0
342,10,10,10,10,5,10,10,10,10,2
343,1,5,5,1,1,5,1,5,5,0
344,5,5,4,1,1,6,5,7,9,0
345,7,2,5,5,8,10,10,10,10,0
346,8,9,9,8,8,10,10,10,10,1
347,6,7,7,5,2,7,2,3,4,0
348,4,5,4,5,3,5,6,9,7,0
349,1,1,1,3,1,4,5,3,5,0
350,10,10,10,10,10,10,10,10,10,2
351,10,10,9,9,9,10,10,10,10,2
352,1,8,8,2,3,10,10,1,1,0
353,10,9,9,8,10,10,8,10,8,2
354,5,5,8,8,8,8,8,10,10,1
355,2,8,3,2,2,5,8,8,8,0
356,5,8,3,5,8,7,1,1,1,1
357,7,7,8,10,7,10,7,10,10,1
358,3,2,7,3,4,4,6,9,8,0
359,5,2,2,5,5,5,5,5,5,0
360,3,3,3,5,2,5,5,5,5,0
361,8,8,8,8,5,7,8,8,6,1
362,7,5,4,7,8,7,8,8,8,1
363,8,8,8,1,8,3,3,3,3,2
364,3,2,1,5,1,1,10,10,10,0
365,10,10,10,10,10,10,10,10,10,2
366,7,7,7,8,8,8,8,8,8,1
367,5,5,5,5,5,5,5,5,5,1
368,5,5,1,4,4,8,5,5,5,0
369,7,8,8,7,7,7,7,7,8,1
370,1,1,3,1,1,1,5,5,5,0
371,10,10,10,10,10,10,10,10,10,2
372,4,2,5,5,3,10,10,10,10,0
373,5,3,5,8,8,8,9,10,9,2
374,9,9,9,10,10,10,10,9,9,2
375,4,5,4,4,4,9,9,9,9,0
376,4,3,3,7,7,8,8,8,8,0
377,4,8,8,8,3,3,8,9,9,0
378,8,1,5,10,10,10,10,5,5,0
379,3,2,3,3,3,8,8,8,8,0
380,6,5,10,3,8,9,8,8,9,1
381,2,1,1,1,1,1,3,7,7,0
382,8,8,8,8,5,8,5,5,5,2
383,6,6,8,8,8,8,8,8,8,1
384,10,10,10,10,10,10,10,10,10,2
385,10,10,10,10,10,10,10,10,10,2
386,6,6,6,9,7,7,8,9,7,1
387,5,7,7,9,6,7,8,7,9,1
388,9,9,9,8,9,9,9,9,9,2
389,1,1,1,8,1,8,8,8,8,0
390,6,5,6,6,6,7,7,7,6,1
391,7,7,9,8,8,8,8,9,9,1
392,5,5,5,8,8,8,8,8,8,1
393,7,9,10,10,8,9,9,10,10,2
394,7,7,8,6,5,5,5,6,6,1
395,5,3,5,5,9,5,7,7,7,1
396,5,5,5,5,5,5,5,5,5,1
397,10,10,10,10,10,10,10,10,10,2
398,10,10,10,10,10,10,10,10,10,2
399,6,6,6,6,6,6,8,8,6,1
400,6,6,5,5,7,6,5,8,4,1
401,7,7,7,5,5,5,5,8,10,1
402,8,10,6,7,8,10,10,10,10,2
403,7,5,5,6,6,6,7,6,6,1
404,9,8,9,8,8,8,8,8,8,2
405,1,1,1,4,4,5,5,4,5,0
406,10,8,7,10,9,8,9,8,8,1
407,10,10,10,10,10,10,10,10,10,2
408,2,2,1,1,1,1,1,2,3,0
409,4,7,7,4,4,4,5,7,4,0
410,2,1,3,3,4,5,5,5,5,0
411,2,3,3,2,2,2,2,2,2,0
412,7,7,7,6,8,8,7,8,7,1
413,6,8,9,2,5,5,5,5,5,2
414,5,5,3,6,6,6,6,6,6,0
415,8,8,8,9,10,8,10,10,8,2
416,5,7,7,4,4,7,7,9,8,0
417,5,4,4,5,5,5,5,5,5,0
418,3,2,1,4,5,4,5,4,4,0
419,9,9,9,9,9,8,9,8,8,2
420,5,1,6,1,7,6,7,7,5,1
421,7,7,9,7,7,7,8,8,8,2
422,7,6,8,8,9,10,10,10,9,2
423,8,7,6,8,8,8,8,8,8,1
424,8,10,10,7,8,9,10,10,10,2
425,8,8,8,7,7,6,8,8,8,1
426,7,8,6,7,8,10,10,10,8,1
427,8,9,10,9,8,9,9,9,9,2
428,6,5,5,5,3,3,6,7,6,0
429,5,5,5,5,5,5,5,5,5,1
430,2,8,8,1,1,2,5,5,5,1
431,5,5,5,5,5,5,5,7,7,1
432,2,1,1,5,2,2,5,1,1,0
433,10,9,9,10,10,8,10,9,10,2
434,1,3,1,5,3,3,3,3,4,0
435,9,8,7,8,8,6,5,8,7,2
436,7,7,4,7,6,8,9,8,7,0
437,5,8,4,6,5,5,5,4,5,0
438,4,10,10,6,5,5,7,10,10,2
439,1,1,1,2,1,1,1,8,8,0
440,6,5,4,8,7,6,7,8,6,0
441,5,5,5,5,5,9,9,8,8,0
442,5,1,5,5,5,7,7,7,7,1
443,1,1,1,1,10,10,10,10,10,0
444,6,4,6,7,7,7,7,7,7,0
445,8,8,8,7,8,8,10,10,8,2
446,3,5,5,5,5,7,9,8,7,0
447,1,1,1,2,1,8,1,8,8,0
448,10,8,8,8,10,10,10,10,1,2
449,7,7,7,7,5,5,7,6,6,1
450,5,3,8,2,4,8,2,8,8,0
451,5,5,7,5,8,8,8,8,5,0
452,6,6,7,5,5,5,7,5,5,1
453,10,10,10,10,10,8,10,10,6,2
454,4,3,2,4,3,5,7,7,7,0
455,9,9,9,9,8,10,10,10,10,2
456,2,5,7,6,3,2,7,8,8,0
457,8,10,10,8,8,8,10,10,8,2
458,5,5,5,5,5,5,1,5,10,1
459,6,5,5,5,6,4,5,5,4,0
460,8,8,8,8,8,8,8,8,8,2
461,5,3,2,5,3,1,4,7,5,0
462,1,5,5,5,1,2,1,5,5,0
463,5,3,7,5,5,5,6,7,4,0
464,7,7,9,9,9,9,9,9,9,2
465,8,7,8,7,8,10,10,8,10,2
466,5,5,4,8,5,5,7,10,10,1
467,7,8,8,5,3,8,10,10,10,2
468,8,7,6,7,8,8,8,8,8,1
469,6,1,1,6,6,6,9,10,9,0
470,7,5,5,5,5,5,5,5,5,1
471,3,1,1,2,2,5,10,5,5,0
472,5,1,1,10,10,10,10,10,10,0
473,5,6,4,6,8,9,6,10,9,0
474,9,9,9,8,7,7,8,7,8,2
475,5,5,3,5,5,8,10,10,10,1
476,8,9,8,8,5,5,8,3,8,1
477,7,3,3,5,6,7,7,6,7,0
478,7,8,7,9,8,8,10,10,9,2
479,9,8,8,10,8,10,9,10,10,2
480,1,1,4,5,9,6,4,9,9,0
481,8,8,9,7,8,8,8,8,7,1
482,8,8,8,8,8,9,9,9,9,2
483,5,6,6,6,5,4,6,5,6,1
484,6,8,8,6,6,8,8,6,10,1
485,6,1,3,5,5,7,7,7,7,1
486,5,5,5,3,4,3,8,8,8,1
487,5,8,9,6,5,8,8,9,7,2
488,3,7,7,8,7,5,8,9,9,0
489,1,1,2,2,2,2,5,2,7,0
490,5,5,9,1,8,6,6,6,6,1
491,8,7,6,6,7,5,5,5,6,1
492,4,3,2,3,4,5,6,5,4,0
493,4,3,4,7,7,8,9,7,7,0
494,7,8,8,6,7,6,8,7,8,2
495,4,5,5,4,3,3,6,8,4,0
496,5,5,6,5,5,5,5,5,5,1
497,8,5,5,5,5,8,5,5,5,1
498,8,8,8,8,9,7,9,8,9,2
499,5,8,5,5,5,8,5,5,1,2
500,9,9,9,9,9,9,9,9,9,2
501,8,8,8,5,5,7,5,7,7,2
502,8,8,8,6,7,8,7,7,7,2
503,8,5,9,9,9,9,9,9,9,1
504,5,5,6,6,6,7,6,9,9,1
505,7,7,9,5,7,9,8,8,2,1
506,5,5,5,5,5,9,5,9,9,1
507,10,10,10,2,5,10,8,10,10,2
508,8,7,10,1,5,8,10,10,10,2
509,9,8,9,9,9,10,10,10,10,2
510,7,6,7,7,7,7,7,9,7,1
511,5,6,6,3,4,3,5,3,3,1
512,8,8,10,7,8,10,10,10,10,1
513,8,6,7,4,7,6,7,8,8,1
514,7,7,7,7,7,7,10,10,10,1
515,8,7,9,8,7,9,8,10,6,2
516,6,6,7,6,10,10,10,10,10,0
517,8,10,9,9,9,8,7,9,8,2
518,2,5,5,8,3,3,3,9,8,1
519,8,9,9,8,8,10,9,7,6,2
520,10,8,8,10,9,8,10,9,10,1
521,9,6,10,8,2,7,10,10,10,0
522,10,10,10,10,10,10,10,10,10,2
523,3,4,5,8,9,10,10,9,9,0
524,6,5,5,8,7,9,8,9,9,1
525,7,6,8,9,4,10,10,10,10,1
526,8,10,10,8,8,8,8,10,7,1
527,4,3,5,3,2,8,10,8,8,0
528,5,2,2,2,2,8,8,8,9,2
529,10,10,10,10,10,10,10,10,10,2
530,5,3,5,5,5,3,10,10,10,0
531,8,5,5,10,8,10,10,10,10,1
532,3,6,7,3,3,3,3,3,3,0
533,5,4,4,6,5,8,7,5,7,0
534,5,5,3,3,5,5,3,7,7,1
535,10,9,9,9,10,9,10,10,10,2
536,8,4,5,5,6,7,7,7,8,1
537,10,10,10,10,10,10,10,10,10,2
538,5,5,1,1,1,5,5,5,5,0
539,6,7,7,8,7,7,7,7,7,1
540,5,5,5,5,5,4,6,9,6,0
541,9,8,8,8,8,10,8,10,8,2
542,10,8,10,9,9,10,9,9,9,2
543,5,5,4,5,5,5,5,7,7,1
544,3,2,2,7,5,6,7,7,7,0
545,9,9,9,8,8,8,9,9,9,2
546,8,10,8,7,7,8,10,10,9,1
547,4,4,2,8,4,8,8,10,10,0
548,6,8,8,8,8,8,8,8,8,1
549,3,5,5,3,3,3,8,8,8,1
550,5,5,8,5,5,5,5,5,5,1
551,10,5,8,8,10,10,8,10,10,1
552,7,8,10,5,5,6,6,10,10,1
553,5,4,4,5,5,5,5,5,8,0
554,10,10,10,5,10,10,10,10,10,2
555,5,5,5,10,5,10,10,10,10,1
556,5,4,10,9,6,9,10,9,9,0
557,7,8,8,8,8,8,9,9,9,2
558,10,10,10,10,10,10,10,10,10,2
559,7,2,2,10,8,10,8,8,8,1
560,1,1,5,5,1,1,4,9,9,0
561,6,5,5,7,7,8,8,8,8,1
562,8,7,8,5,8,7,7,6,6,2
563,6,3,3,1,5,5,3,6,5,0
564,7,8,8,5,7,7,8,7,8,1
565,6,8,9,6,5,4,9,7,8,1
566,10,8,10,10,8,10,10,10,10,2
567,2,5,5,2,2,8,10,8,8,1
568,5,4,4,5,5,10,8,10,7,0
569,3,5,3,5,3,3,8,10,10,0
570,5,4,5,6,7,7,7,7,7,1
571,1,1,1,1,1,1,1,7,7,0
572,10,9,10,8,10,10,8,8,8,2
573,9,8,8,8,10,10,10,10,10,2
574,4,6,6,5,5,5,8,8,8,0
575,6,4,5,7,5,8,9,8,8,0
576,6,3,4,4,3,4,8,10,10,1
577,3,3,7,6,5,7,7,7,9,0
578,3,7,9,3,3,10,10,10,8,0
579,10,6,5,10,10,10,10,10,10,2
580,5,4,4,6,6,8,7,7,7,0
581,4,3,5,4,5,6,9,7,5,0
582,8,8,8,7,8,7,10,8,8,1
583,8,10,8,10,10,10,10,10,10,2
584,10,10,10,10,10,10,10,10,10,2
585,2,5,4,4,3,3,4,4,4,0
586,3,5,5,5,3,8,3,10,8,0
587,6,5,5,8,7,8,8,8,10,1
588,10,9,10,9,9,10,10,10,10,2
589,1,10,10,10,1,10,10,10,10,1
590,3,3,2,4,2,9,9,9,4,0
591,10,10,10,9,10,10,10,10,10,2
592,3,3,6,3,2,4,3,4,4,0
593,5,10,10,5,5,10,10,10,10,1
594,10,1,10,10,5,10,10,10,10,1
595,5,5,10,5,2,5,5,10,10,0
596,4,4,3,5,4,5,6,7,5,0
597,2,5,5,2,1,2,2,8,7,1
598,4,4,3,6,5,8,8,8,8,0
599,7,5,7,6,8,10,9,10,8,1
600,6,3,4,7,7,8,8,9,7,0
601,3,2,9,8,7,4,7,5,5,0
602,8,8,8,8,7,7,9,9,8,2
603,3,8,1,4,5,2,3,8,8,0
604,8,5,4,9,8,8,8,8,8,1
605,3,5,6,7,3,10,10,10,8,0
606,2,4,4,4,4,4,8,8,8,0
607,5,1,1,1,1,1,1,1,1,0
608,7,6,8,6,7,9,9,9,9,1
609,5,5,5,7,7,6,9,8,8,0
610,10,8,8,8,8,10,10,10,10,2
611,9,7,10,8,10,10,10,10,10,2
612,5,4,3,5,5,8,8,8,6,0
613,10,10,10,10,10,10,10,10,10,2
614,8,9,9,6,6,8,6,10,6,2
615,4,4,6,5,4,6,8,7,8,0
616,10,8,8,8,8,9,8,9,9,2
617,7,7,7,8,7,7,7,7,7,1
618,2,1,1,1,1,7,10,10,10,0
619,5,5,5,3,1,7,7,8,7,0
620,8,6,6,6,6,6,6,6,6,1
621,5,3,8,8,5,8,6,8,8,1
622,4,5,2,3,4,4,6,10,10,0
623,5,8,8,8,2,8,8,8,8,2
624,5,5,5,5,5,5,5,5,5,1
625,4,5,6,4,4,5,6,6,6,1
626,4,6,9,2,2,3,9,10,10,0
627,5,5,5,5,5,7,5,7,7,1
628,4,6,6,6,2,6,6,5,5,1
629,5,1,3,2,5,8,7,10,10,0
630,5,5,3,10,10,10,10,10,10,1
631,7,5,5,6,6,7,5,10,8,1
632,4,5,5,4,3,5,10,9,9,1
633,9,9,9,9,9,9,9,9,9,2
634,5,5,1,5,5,5,10,10,10,1
635,5,7,7,5,6,5,5,10,10,1
636,5,5,7,2,2,8,10,10,10,1
637,7,9,9,10,10,10,7,10,10,2
638,8,9,5,8,8,8,8,8,8,1
639,2,2,7,2,7,2,4,7,3,1
640,9,9,9,10,10,10,10,10,10,2
641,5,6,8,7,6,6,7,6,6,1
642,8,5,8,8,5,5,5,8,8,2
643,10,8,8,9,9,9,9,10,10,2
644,7,5,2,7,8,5,5,5,8,1
645,5,6,3,7,6,7,6,7,7,0
646,5,5,6,6,6,6,6,6,6,1
647,10,7,7,9,9,10,9,9,10,2
648,1,1,1,10,7,10,10,10,10,1
649,10,10,10,10,10,10,10,10,10,2
650,9,9,9,9,9,9,9,9,9,2
651,10,10,10,10,10,10,10,10,10,2
652,10,8,10,10,8,9,9,8,10,2
653,7,7,8,8,6,8,7,10,8,2
654,9,10,10,5,3,10,10,10,10,2
655,6,5,8,8,8,10,10,10,10,1
656,5,8,8,8,8,10,8,10,10,2
657,5,5,5,5,5,8,8,5,8,0
658,10,10,10,10,10,10,10,10,10,2
659,10,10,10,10,10,10,10,10,9,2
660,5,5,6,5,2,5,5,5,5,0
661,5,10,10,8,10,10,10,8,10,2
662,2,1,1,9,9,10,10,10,9,0
663,3,5,7,3,3,5,5,8,7,1
664,4,1,4,4,8,8,8,3,8,0
665,4,7,8,2,7,4,10,5,8,1
666,9,7,5,7,8,7,7,7,5,1
667,7,6,8,8,5,8,7,8,8,1
668,5,5,8,5,6,9,8,9,9,0
669,5,3,5,5,7,8,10,10,10,0
670,2,2,2,2,4,2,5,6,6,0
671,8,3,5,5,5,8,8,8,8,1
672,8,5,5,8,8,10,10,10,10,1
673,7,7,6,6,7,8,7,10,10,1
674,10,9,10,10,10,10,10,10,10,2
675,3,3,3,6,6,6,5,8,2,0
676,5,5,5,10,10,10,10,10,10,1
677,5,4,5,4,5,5,5,5,5,0
678,5,5,5,5,8,8,8,8,8,1
679,8,6,6,8,10,10,10,10,10,2
680,8,9,9,8,7,9,8,8,8,0
681,2,1,1,6,6,6,6,10,8,0
682,2,1,1,1,4,8,6,6,6,0
683,5,7,7,5,1,10,8,10,8,0
684,2,1,3,5,5,5,5,5,3,0
685,8,6,6,9,9,10,10,10,10,1
686,6,7,6,6,6,6,6,6,6,1
687,3,3,1,5,5,5,5,10,10,0
688,5,1,5,10,8,8,8,7,8,1
689,6,7,8,8,8,6,8,6,5,1
690,6,8,8,5,5,2,8,3,5,1
691,6,5,7,10,8,8,9,10,10,2
692,8,6,6,8,7,7,9,8,8,1
693,7,7,8,8,7,8,8,9,8,1
694,6,7,7,3,6,8,8,8,8,1
695,8,7,9,7,8,9,9,10,10,1
696,7,7,5,5,7,7,8,8,8,1
697,7,9,8,8,8,8,10,8,10,2
698,8,8,8,7,7,8,7,7,8,2
699,4,4,5,2,3,6,3,4,4,1
700,8,9,10,9,9,9,8,8,8,2
701,4,3,5,5,6,5,10,10,5,0
702,8,9,7,7,8,8,8,8,8,2
703,8,1,1,1,1,9,1,9,9,0
704,5,9,9,8,8,10,10,10,10,1
705,5,8,8,5,5,5,3,5,5,0
706,10,10,10,10,10,10,10,10,10,2
707,1,1,1,2,4,4,4,4,2,0
708,9,10,10,9,9,10,10,10,10,2
709,7,5,10,7,6,7,10,10,10,1
710,1,2,2,1,3,5,5,5,5,0
711,8,9,9,5,8,8,9,9,9,2
712,7,3,4,7,7,9,5,6,7,1
713,6,7,9,5,5,9,8,9,9,1
714,5,5,5,5,5,5,5,5,5,1
715,6,6,6,6,6,9,9,9,7,1
716,5,5,5,5,5,5,5,5,5,1
717,3,1,1,5,5,7,6,5,7,1
718,8,10,10,8,8,10,10,10,10,2
719,4,6,7,2,3,9,7,9,8,0
720,5,1,1,5,5,5,5,5,5,1
721,5,5,8,5,5,5,8,8,8,1
722,5,4,5,2,3,4,5,7,8,0
723,5,5,9,9,5,9,5,9,9,1
724,8,6,8,8,10,10,10,10,9,2
725,9,9,9,9,9,9,9,9,9,2
726,10,10,9,10,8,10,10,10,10,2
727,8,5,6,7,8,8,8,8,8,1
728,5,6,6,8,5,8,5,6,8,1
729,7,3,5,1,7,5,7,7,7,0
730,7,7,9,7,9,9,9,10,10,1
731,7,8,8,9,9,8,9,8,8,2
732,4,4,4,8,9,8,8,9,9,0
733,4,8,8,1,2,2,2,1,1,1
734,8,8,8,8,8,8,8,8,8,2
735,10,10,10,10,10,10,10,10,10,2
736,4,3,5,4,3,4,6,4,6,0
737,5,1,1,10,10,10,10,10,10,0
738,10,9,9,10,9,10,10,10,10,2
739,10,8,8,10,10,10,10,10,10,2
740,8,8,6,7,7,9,10,10,10,2
741,6,6,5,4,5,5,7,7,4,1
742,5,3,5,5,6,5,5,6,7,0
743,8,7,7,6,7,10,10,10,10,2
744,3,5,1,10,4,10,10,10,10,0
745,6,6,6,6,6,6,6,6,6,1
746,5,4,5,8,5,2,10,4,5,0
747,8,6,9,6,8,8,6,8,8,2
748,5,5,5,5,8,8,8,6,6,1
749,3,2,3,4,5,6,8,7,6,0
750,6,5,6,7,5,8,8,7,9,0
751,10,8,10,10,10,10,10,10,10,2
752,6,8,10,7,6,6,6,9,7,0
753,3,1,1,3,2,8,4,5,8,0
754,9,9,5,10,10,10,10,10,10,2
755,4,8,8,1,1,3,5,8,5,2
756,5,5,3,6,6,4,6,8,6,1
757,4,3,4,2,4,5,5,8,5,0
758,2,2,2,2,2,10,10,8,10,0
759,10,10,10,10,10,10,10,10,10,2
760,1,1,1,1,5,5,8,5,5,0
761,8,8,8,8,8,10,8,10,8,1
762,5,2,2,5,5,2,8,6,8,0
763,5,5,5,10,5,10,10,8,10,2
764,1,1,1,1,1,1,1,9,9,0
765,3,5,3,2,2,2,4,3,3,0
766,8,8,8,8,5,8,8,9,9,1
767,8,3,6,9,10,10,10,10,10,2
768,10,6,6,8,7,7,7,7,10,1
769,8,7,8,10,8,10,10,10,10,0
770,7,10,10,7,7,7,7,10,7,2
771,4,7,6,10,7,8,8,10,10,1
772,7,5,6,8,8,8,6,8,9,2
773,5,5,4,5,4,4,5,7,8,1
774,7,7,8,6,6,6,6,6,6,2
775,6,5,5,4,8,8,8,5,8,1
776,8,2,10,10,10,10,10,10,10,2
777,5,5,7,5,5,4,3,2,2,1
778,5,5,8,8,6,5,5,5,5,1
779,2,3,3,3,7,7,7,7,7,0
780,5,6,6,6,6,6,6,6,6,1
781,8,7,7,7,7,7,7,7,7,1
782,6,6,7,6,1,5,6,8,5,0
783,10,10,10,10,10,10,10,10,10,2
784,1,1,1,5,1,3,5,5,5,0
785,5,5,5,5,5,5,5,5,5,1
786,5,8,8,4,5,4,7,9,5,1
787,4,3,3,10,3,10,10,10,10,0
788,5,5,5,5,5,8,5,8,5,1
789,9,7,9,9,8,9,9,9,7,2
790,6,5,4,4,5,3,8,8,8,1
791,3,7,4,10,3,3,5,4,1,0
792,4,7,7,8,5,7,10,4,4,1
793,6,5,7,5,8,10,10,6,10,1
794,4,3,4,7,6,3,5,8,4,1
795,7,7,6,5,6,5,5,8,7,1
796,1,1,1,5,7,7,5,10,5,0
797,9,9,10,8,9,10,9,10,10,2
798,5,5,5,1,1,5,1,1,5,1
799,8,7,8,9,1,9,10,4,10,1
800,4,4,7,4,4,4,4,4,4,0
801,8,8,8,8,6,8,8,8,8,1
802,8,8,10,6,7,8,7,6,7,2
803,8,8,6,8,8,8,8,7,7,2
804,5,5,5,4,4,4,5,7,8,0
805,10,5,8,10,10,8,10,8,10,2
806,6,6,8,6,7,7,8,9,9,1
807,10,6,5,2,10,5,5,5,5,0
808,10,3,7,1,7,10,10,10,10,0
809,6,8,5,8,7,7,8,9,9,1
810,10,10,10,10,10,10,10,10,10,2
811,8,10,10,2,2,10,5,10,10,2
812,8,7,7,7,8,8,8,8,8,1
813,7,6,3,5,8,8,8,5,5,1
814,9,9,9,9,9,9,8,9,8,2
815,10,8,8,10,7,10,10,10,10,2
816,8,7,7,8,6,8,9,8,9,1
817,3,3,2,4,4,5,5,5,2,0
818,6,6,5,3,7,9,6,9,8,0
819,7,8,8,5,8,6,8,9,7,1
820,6,6,6,7,7,7,7,8,7,2
821,4,1,1,7,4,4,6,5,5,0
822,10,10,10,10,10,10,10,10,10,2
823,6,6,6,7,7,8,8,8,8,1
824,4,5,7,1,1,8,6,5,4,0
825,9,3,3,8,9,8,8,10,10,1
826,2,3,1,3,2,1,7,9,9,0
827,6,6,7,7,8,9,7,9,9,1
828,5,5,9,5,5,5,7,8,8,1
829,8,7,8,8,9,8,7,8,7,2
830,10,10,10,10,10,10,10,10,10,2
831,7,7,5,8,6,5,7,8,7,1
832,3,5,7,5,2,10,10,10,10,0
833,2,5,5,5,5,5,5,5,5,1
834,6,8,8,6,6,8,8,8,8,2
835,6,8,6,1,1,8,8,8,5,0
836,6,3,3,5,5,7,10,10,10,0
837,9,9,9,10,10,10,10,10,10,1
838,8,6,8,8,8,10,10,10,10,1
839,5,8,8,6,5,10,10,10,7,1
840,1,3,2,1,2,4,6,6,1,0
841,3,1,1,1,5,5,6,10,7,0
842,10,9,10,10,10,10,10,10,10,2
843,1,1,1,1,1,1,1,1,1,0
844,4,2,5,5,5,5,5,5,5,0
845,8,8,8,8,5,8,8,8,8,2
846,10,8,7,8,9,6,8,10,10,2
847,4,8,9,10,4,10,10,10,10,2
848,5,9,9,6,4,7,6,5,5,0
849,5,9,10,9,5,5,5,5,5,1
850,9,9,9,9,9,9,9,9,9,2
851,5,4,6,4,6,6,6,8,8,0
852,8,7,7,7,7,8,7,8,7,1
853,4,4,10,6,6,4,8,4,8,2
854,5,5,5,5,5,5,5,8,8,1
855,2,5,4,4,3,10,8,10,10,0
856,8,8,8,9,10,9,9,9,10,2
857,9,9,9,9,10,10,10,10,10,2
858,8,10,10,10,10,10,10,10,10,2
859,4,5,5,3,2,7,8,8,8,0
860,8,1,5,1,8,10,8,7,10,1
861,4,1,1,5,5,9,5,5,5,1
862,9,8,8,8,8,9,8,8,9,2
863,1,5,5,1,1,1,5,10,10,0
864,9,5,5,8,10,8,10,10,10,2
865,7,6,6,8,6,10,7,10,10,1
866,7,9,9,9,9,9,9,9,9,2
867,10,10,10,10,10,10,10,10,10,2
868,8,8,8,8,8,8,8,9,8,2
869,10,8,8,8,8,10,8,9,10,2
870,10,10,10,10,10,10,10,10,10,2
871,5,5,5,7,8,8,10,7,10,1
872,8,6,7,5,8,8,8,8,8,1
873,2,8,8,1,1,8,8,8,8,1
874,10,10,10,10,10,10,10,10,10,2
875,8,5,5,7,7,6,7,7,6,1
876,5,5,4,5,5,5,5,2,1,1
877,5,3,2,5,7,8,7,10,7,0
878,8,10,10,10,10,10,10,10,10,2
879,7,6,7,7,7,8,8,8,8,2
880,2,5,9,5,1,3,7,9,9,0
881,6,5,5,6,7,6,7,6,6,1
882,6,6,7,6,6,7,6,7,7,1
883,10,10,10,10,3,10,10,10,10,0
884,7,7,8,7,8,7,10,10,8,1
885,10,10,10,10,7,10,10,10,10,2
886,4,5,5,5,5,6,6,6,6,1
887,7,8,5,3,7,10,6,7,10,2
888,7,7,8,7,7,6,8,7,6,1
889,2,2,10,9,8,10,7,10,10,0
890,5,5,5,1,2,7,2,2,1,0
891,6,6,5,6,5,6,7,7,7,1
892,8,8,8,8,2,8,8,8,1,2
893,8,10,10,1,1,10,1,1,10,0
894,5,8,8,10,1,10,10,10,10,1
895,5,8,8,5,5,5,8,8,8,2
896,7,8,8,6,6,6,8,9,7,1
897,3,1,7,1,3,3,7,7,3,0
898,2,1,1,2,2,2,5,7,6,0
899,7,5,5,7,7,8,8,8,7,1
900,6,4,5,6,6,7,8,9,9,0
901,10,10,10,10,7,5,10,10,10,2
902,7,7,7,6,6,8,8,8,8,2
903,8,6,10,5,5,10,5,7,10,1
904,2,1,5,2,1,2,8,10,10,0
905,3,3,5,2,8,7,8,7,9,0
906,8,3,4,5,7,10,10,10,6,0
907,8,4,4,8,8,10,8,10,10,1
908,4,4,5,4,4,6,6,6,6,0
909,8,7,8,5,7,10,8,8,7,1
910,8,10,10,8,8,10,10,10,10,2
911,1,1,1,1,1,1,1,1,1,0
912,8,8,5,8,10,10,10,10,10,2
913,5,7,10,1,6,7,8,7,10,1
914,8,8,8,8,8,10,10,8,8,1
915,1,1,1,1,3,5,5,5,5,0
916,6,5,6,6,5,4,5,5,6,1
917,8,7,7,7,7,7,7,7,7,1
918,3,5,5,3,3,7,5,10,10,1
919,2,3,6,2,2,5,5,9,9,0
920,6,7,3,5,5,5,6,6,7,0
921,6,7,5,7,6,6,7,10,10,1
922,7,7,6,7,6,8,8,10,8,1
923,10,10,10,10,8,10,10,10,10,2
924,4,2,3,5,4,7,6,6,4,0
925,5,6,8,5,5,5,8,8,7,1
926,8,8,8,8,8,9,9,9,9,2
927,9,8,8,7,9,9,9,9,7,2
928,5,3,3,5,7,8,8,8,8,1
929,7,4,3,3,3,9,7,9,8,0
930,2,4,3,1,2,10,2,10,10,0
931,10,8,10,10,10,10,10,10,10,2
932,7,6,8,7,7,6,9,9,9,2
933,8,7,10,8,8,10,10,10,8,1
934,8,5,8,5,3,5,5,5,8,2
935,7,7,6,6,7,8,9,9,7,1
936,9,9,7,10,9,10,9,10,10,2
937,2,1,1,5,3,8,5,8,8,0
938,3,1,1,5,5,10,10,10,10,0
939,10,10,10,9,10,7,9,7,7,2
940,9,8,9,9,9,9,9,9,10,2
941,9,6,7,7,8,7,8,8,9,1
942,10,10,10,10,10,10,10,10,10,2
943,7,8,7,8,7,8,8,8,8,1
944,4,4,2,5,6,7,7,7,6,0
945,7,7,7,7,5,8,8,7,8,1
946,1,1,1,1,1,3,1,8,8,0
947,4,2,6,5,8,8,7,8,8,1
948,10,10,10,10,10,10,10,10,10,2
949,7,6,5,6,6,6,7,6,5,1
950,5,5,1,3,3,8,5,8,8,0
951,10,5,9,10,10,10,10,10,10,2
952,8,7,7,8,10,10,10,10,10,2
953,3,5,5,3,3,3,2,5,6,0
954,6,4,6,5,6,5,6,5,6,0
955,8,4,8,4,8,8,10,10,10,2
956,8,9,10,7,8,8,10,7,8,2
957,4,6,5,4,4,5,8,3,3,1
958,5,5,5,5,5,5,5,5,5,0
959,6,4,4,4,5,6,5,6,6,1
960,5,5,5,6,5,6,5,6,5,1
961,8,7,8,6,7,9,9,8,8,1
962,2,2,2,5,2,8,8,8,8,0
963,5,1,1,1,9,9,10,9,9,0
964,9,9,9,8,8,10,8,8,10,2
965,4,4,2,3,4,4,4,6,4,0
966,6,6,7,8,6,7,7,8,10,1
967,7,7,7,7,8,8,8,7,8,1
968,8,8,8,10,10,10,10,10,10,2
969,5,2,2,8,8,8,8,8,6,1
970,7,6,6,6,6,9,7,9,9,1
971,8,8,8,9,9,9,9,10,10,2
972,2,3,7,5,2,5,5,5,5,0
973,9,10,10,7,5,5,7,5,8,2
974,8,7,6,8,7,10,7,10,10,2
975,10,10,10,10,10,10,10,10,10,2
976,8,6,8,7,5,7,7,7,7,1
977,6,8,8,7,6,9,9,9,9,1
978,5,5,5,1,2,2,5,5,3,1
979,10,5,8,3,5,5,5,5,5,1
980,7,6,6,8,8,7,8,8,8,1
981,7,5,6,8,8,10,10,10,10,1
982,8,9,8,8,7,8,9,7,5,1
983,10,7,5,10,10,10,10,10,10,1
984,1,1,5,1,1,8,8,5,5,0
985,4,2,5,3,3,8,8,9,9,0
986,8,3,3,3,9,8,7,1,5,0
987,6,5,4,4,5,7,5,7,7,0
988,6,8,8,5,3,6,7,7,8,2
989,1,1,1,5,5,1,5,5,5,1
990,5,8,2,7,7,7,5,10,10,1
991,5,1,1,7,2,9,9,9,5,0
992,5,9,5,5,5,5,7,2,2,1
993,5,4,5,5,6,6,6,6,6,0
994,8,7,8,7,7,10,8,10,10,2
995,5,2,5,3,7,9,9,9,9,0
996,5,5,8,3,4,8,8,8,10,0
997,7,4,4,4,5,4,5,4,5,0
998,7,5,4,8,4,6,8,4,4,0
999,2,8,4,3,2,1,1,1,1,0
1000,8,8,10,8,9,8,10,10,9,2
1001,8,7,8,8,8,10,10,10,10,2
1002,4,8,9,3,1,1,10,10,8,0
1003,3,4,4,3,3,3,1,5,6,1
1004,5,3,1,5,5,6,8,8,8,1
1005,8,8,8,8,10,10,10,10,10,2
1006,6,5,6,6,6,6,7,5,5,1
1007,7,2,2,7,8,9,9,9,9,0
1008,4,7,8,4,5,7,8,8,10,2
1009,3,1,2,5,8,3,10,10,5,0
1010,8,8,8,8,8,8,8,7,8,2
1011,5,1,6,6,5,6,7,7,8,0
1012,5,4,5,5,6,6,6,5,5,0
1013,5,5,4,5,6,7,7,5,6,1
1014,4,4,8,4,8,2,6,1,1,0
1015,10,10,10,10,10,10,10,10,10,2
1016,9,6,6,5,8,9,8,10,8,1
1017,5,2,3,5,4,10,9,8,6,0
1018,7,5,6,6,5,7,7,7,7,1
1019,8,8,7,9,9,9,8,7,8,2
1020,5,4,5,2,2,5,5,10,5,0
1021,1,5,5,1,1,3,5,8,8,0
1022,5,1,1,2,5,9,9,9,9,0
1023,6,4,6,6,5,6,8,8,8,1
1024,5,3,3,5,5,5,6,8,8,1
1025,7,5,7,3,7,7,7,8,7,1
1026,1,10,10,8,10,10,10,10,10,2
1027,5,2,10,1,2,7,10,7,10,1
1028,7,4,4,6,8,9,9,9,9,1
1029,8,8,8,8,8,8,8,8,8,2
1030,8,8,9,9,9,9,9,9,9,2
1031,7,10,10,7,10,7,10,10,10,2
1032,6,5,5,5,5,7,7,8,8,1
1033,5,4,7,7,5,7,9,8,8,1
1034,8,7,8,8,8,9,9,9,8,1
1035,8,6,5,4,8,6,8,7,8,1
1036,3,2,2,7,6,7,6,8,8,0
1037,9,9,8,9,10,10,10,10,10,2
1038,6,2,5,8,5,8,10,10,10,1
1039,7,5,7,3,5,5,5,5,5,1
1040,7,5,9,7,7,9,9,9,9,1
1041,3,1,1,5,5,10,10,10,10,0
1042,8,8,9,8,8,9,9,9,9,2
1043,8,7,7,7,7,8,8,7,7,1
1044,5,10,5,5,5,5,10,10,10,0
1045,2,8,6,8,3,3,10,10,3,0
1046,8,5,6,6,5,5,7,5,5,1
1047,8,5,5,5,8,5,8,8,8,1
1048,8,8,8,8,8,8,8,8,8,2
1049,8,6,8,6,9,7,6,7,6,2
1050,10,9,10,10,7,10,10,10,10,1
1051,9,5,5,8,8,8,7,7,9,1
1052,4,4,7,4,5,9,5,9,9,1
1053,6,6,8,8,7,7,8,10,10,1
1054,10,10,10,10,10,10,10,10,10,2
1055,10,9,9,9,10,9,9,9,9,2
1056,1,3,5,5,3,8,3,5,5,0
1057,2,5,5,5,2,5,5,10,2,0
1058,5,5,5,1,1,10,5,10,10,0
1059,3,8,8,6,3,3,3,10,10,0
1060,8,7,7,7,7,7,7,6,7,2
1061,10,10,10,10,10,10,10,10,10,2
1062,8,10,10,8,8,10,10,10,8,2
1063,3,4,4,4,4,6,7,7,7,0
1064,8,10,8,8,7,10,10,10,10,2
1065,7,4,4,8,7,5,7,10,10,0
1066,7,6,6,5,4,7,7,4,4,1
1067,6,5,4,2,5,2,5,5,5,1
1068,7,9,9,8,7,9,8,9,9,2
1069,10,8,10,10,10,10,10,10,10,2
1070,1,1,1,1,1,8,5,8,8,0
1071,1,1,2,2,2,10,5,10,10,0
1072,9,9,10,8,9,10,9,10,9,2
1073,10,6,8,8,10,10,10,10,10,2
1074,6,5,5,6,5,8,6,8,8,1
1075,8,1,1,8,7,8,7,8,8,0
1076,8,8,8,6,5,8,8,8,8,2
1077,9,8,10,10,10,10,10,10,10,2
1078,5,10,10,5,5,5,10,10,1,2
1079,7,8,4,5,4,8,8,8,10,0
1080,8,8,8,8,9,9,8,8,9,1
1081,1,2,5,10,4,4,10,10,10,0
1082,5,5,7,3,5,9,8,9,9,1
1083,10,10,9,10,10,10,10,10,10,2
1084,10,10,10,10,10,10,10,10,10,2
1085,6,7,10,6,6,8,7,10,10,1
1086,10,9,10,9,10,9,9,9,10,2
1087,7,7,8,8,6,7,7,8,8,1
1088,8,8,8,5,8,8,8,8,8,2
1089,5,4,3,5,6,5,7,4,3,1
1090,5,5,5,5,5,7,7,7,8,1
1091,3,8,7,1,2,7,8,8,8,0
1092,3,2,2,4,4,4,6,6,6,0
1093,2,5,5,1,1,5,1,5,8,0
1094,1,1,1,1,1,2,2,1,4,0
1095,5,1,5,6,4,6,8,8,8,0
1096,1,2,2,2,5,8,10,10,10,0
1097,7,8,8,6,8,9,8,9,9,2
1098,5,5,5,10,10,10,10,10,10,1
1099,5,10,10,10,5,10,8,10,10,2
1100,5,5,5,4,5,3,5,3,3,1
1101,8,5,5,8,5,8,5,10,10,1
1102,8,8,8,8,8,8,8,8,8,2
1103,5,2,5,5,5,5,5,4,5,0
1104,7,5,5,7,4,5,4,6,6,1
1105,4,3,4,4,5,8,8,8,8,0
1106,5,10,10,10,5,5,10,10,10,2
1107,2,7,6,10,2,10,8,10,1,0
1108,7,8,8,5,5,5,6,5,4,0
1109,8,7,7,8,8,9,8,8,8,1
1110,5,5,7,3,4,8,10,10,10,1
1111,7,10,10,10,10,10,10,10,10,1
1112,8,8,9,3,8,8,9,5,5,2
1113,5,1,1,3,3,3,6,1,4,0
1114,10,10,10,8,10,10,10,10,10,2
1115,6,5,9,2,3,10,10,10,10,2
1116,5,4,5,4,6,5,5,5,5,1
1117,7,3,3,8,8,8,8,6,7,1
1118,8,7,8,10,8,9,8,9,9,2
1119,8,5,9,3,5,8,10,10,10,1
1120,7,5,6,7,5,7,6,7,7,1
1121,5,5,4,7,5,5,7,6,7,0
1122,5,5,3,5,7,8,8,8,9,0
1123,8,7,10,8,7,10,10,10,10,1
1124,10,7,9,10,9,10,10,10,10,2
1125,4,4,4,4,3,7,7,7,8,0
1126,10,8,10,10,8,10,10,10,10,2
1127,7,9,8,7,6,6,7,6,6,2
1128,5,5,5,5,5,5,9,6,4,1
1129,6,6,6,5,7,7,6,6,7,1
1130,8,5,10,5,8,5,8,8,8,1
1131,3,3,1,9,7,9,9,9,9,1
1132,2,2,1,2,2,5,5,7,5,0
1133,7,5,5,7,8,6,7,8,6,1
1134,8,6,6,7,7,10,8,10,10,1
1135,6,5,5,8,5,8,8,8,8,0
1136,10,8,8,10,10,10,10,10,10,2
1137,7,6,7,5,8,9,8,9,9,1
1138,2,1,1,3,3,5,3,5,3,0
1139,10,10,8,10,5,8,10,10,10,2
1140,6,7,8,7,6,7,7,7,7,1
1141,5,4,4,4,4,2,4,2,2,0
1142,8,8,9,9,8,8,8,9,9,2
1143,4,7,8,7,4,5,8,8,10,1
1144,8,8,7,8,6,8,8,8,7,1
1145,6,8,5,6,7,5,8,5,7,1
1146,8,1,5,6,8,10,10,10,10,2
1147,2,1,1,4,5,7,7,7,7,0
1148,1,8,9,3,1,2,2,5,5,2
1149,9,8,7,6,8,8,8,8,8,2
1150,8,8,10,7,8,10,8,8,10,2
1151,6,8,8,5,4,9,5,7,8,2
1152,2,5,6,2,3,2,3,8,8,0
1153,4,4,7,10,6,10,10,10,10,0
1154,2,1,1,1,2,5,5,5,5,0
1155,10,10,10,10,10,10,10,10,10,2
1156,9,8,8,10,9,9,9,9,10,2
1157,8,6,7,5,7,9,7,9,9,0
1158,6,6,6,7,7,10,10,10,10,1
1159,8,6,8,6,7,8,8,9,9,2
1160,8,10,10,8,8,10,10,10,10,2
1161,4,4,2,2,6,6,6,8,8,0
1162,2,1,4,1,4,3,3,8,5,0
1163,8,6,10,4,6,6,5,8,6,1
1164,8,6,8,7,6,7,8,8,8,1
1165,6,5,4,6,8,9,9,9,8,1
1166,2,1,5,1,2,1,2,9,9,0
1167,8,10,8,10,10,10,10,10,8,2
1168,8,8,7,7,7,9,9,8,6,1
1169,5,5,5,5,6,9,9,9,9,1
1170,7,10,1,5,5,10,10,10,10,0
1171,9,8,7,8,8,9,8,10,10,2
1172,10,10,10,10,4,10,10,10,10,2
1173,6,5,5,6,6,6,6,5,8,1
1174,10,10,9,7,10,10,10,9,7,2
1175,6,6,6,7,6,7,7,8,8,1
1176,3,6,6,3,3,3,3,7,7,0
1177,3,4,4,6,3,3,8,6,6,0
1178,7,8,9,9,7,9,9,9,9,2
1179,8,9,9,8,7,7,8,8,9,2
1180,3,3,5,5,3,5,5,5,5,0
1181,7,1,1,8,8,8,9,10,8,0
1182,8,6,5,8,9,9,8,9,9,1
1183,5,7,7,7,5,10,10,10,10,1
1184,5,3,4,8,9,5,9,7,6,0
1185,3,6,3,6,4,5,6,5,6,1
1186,4,8,8,6,2,9,8,9,9,0
1187,6,4,4,7,7,7,7,8,5,0
1188,6,1,2,5,7,2,7,7,7,0
1189,8,8,8,8,5,8,8,9,9,2
1190,5,5,5,6,5,2,7,5,5,0
1191,3,5,5,6,5,6,6,6,6,1
1192,3,10,10,10,3,10,10,10,10,0
1193,8,10,10,9,9,9,10,9,10,2
1194,3,5,5,4,4,3,6,6,6,0
1195,2,1,10,1,1,5,10,5,10,0
1196,1,10,10,1,1,1,1,7,7,0
1197,8,10,10,10,10,10,10,10,10,1
1198,7,8,8,5,6,6,10,10,10,1
1199,5,3,5,6,5,8,6,8,8,1
1200,7,7,7,8,6,7,9,9,9,1
1201,5,6,7,8,8,9,8,9,9,1
1202,6,6,8,1,3,10,10,10,10,2
1203,9,8,9,8,7,10,10,8,10,0
1204,5,7,7,6,5,5,6,5,5,1
1205,7,7,7,9,7,7,10,10,10,1
1206,5,1,1,7,5,10,10,10,10,0
1207,3,3,8,3,3,5,8,8,8,0
1208,5,5,5,5,5,6,6,5,7,1
1209,10,8,8,10,10,10,10,10,10,2
1210,7,7,7,7,7,9,9,9,9,1
1211,8,8,8,10,8,10,8,8,10,2
1212,4,2,3,5,2,1,5,1,1,0
1213,10,10,10,10,10,10,10,10,10,2
1214,5,7,7,6,5,8,4,7,5,1
1215,8,7,7,7,8,9,8,9,9,1
1216,2,4,3,2,2,5,5,5,5,0
1217,10,8,8,10,8,10,10,10,10,2
1218,7,5,5,7,6,7,7,7,8,1
1219,10,9,8,10,10,10,10,10,10,1
1220,5,4,5,3,5,8,8,8,8,1
1221,8,8,7,8,7,10,10,10,10,1
1222,5,4,3,4,5,8,5,9,8,0
1223,9,10,10,8,8,8,10,10,10,2
1224,6,8,6,8,8,8,9,9,9,1
1225,8,6,6,6,7,7,6,8,7,1
1226,4,5,4,5,3,4,3,5,5,0
1227,1,1,4,6,8,8,8,8,6,0
1228,6,8,10,7,8,8,8,8,8,0
1229,8,8,9,8,4,7,10,9,10,1
1230,8,6,7,6,8,9,6,9,9,1
1231,1,2,3,1,4,5,5,6,7,0
1232,8,8,7,6,8,8,8,9,9,1
1233,8,10,10,8,7,10,10,10,10,2
1234,2,1,1,3,3,3,1,4,5,0
1235,7,8,8,7,7,9,7,8,8,2
1236,4,2,2,3,4,10,9,10,8,0
1237,5,9,9,7,1,10,7,10,10,1
1238,4,2,2,2,5,7,5,8,8,1
1239,7,8,8,7,6,8,7,8,7,2
1240,6,8,8,6,6,8,8,8,8,1
1241,4,8,4,4,4,6,6,10,10,0
1242,2,5,4,4,5,5,5,6,6,0
1243,7,1,1,6,6,8,8,8,8,0
1244,3,5,5,4,2,9,9,8,9,0
1245,6,2,8,8,7,10,7,9,10,0
1246,10,10,10,8,8,10,10,10,10,2
1247,3,5,5,3,3,7,8,8,8,1
1248,8,8,10,7,7,8,8,10,10,2
1249,6,6,5,6,7,7,7,6,7,1
1250,8,7,9,9,8,8,9,8,10,1
1251,6,5,4,7,7,8,10,8,6,1
1252,1,1,1,1,1,1,1,1,2,0
1253,8,10,9,8,5,10,7,8,2,2
1254,2,6,5,6,4,5,7,5,4,1
1255,8,9,9,9,7,9,9,9,9,2
1256,5,5,5,5,5,10,10,5,8,1
1257,6,8,8,8,6,8,7,8,7,1
1258,1,1,1,1,1,4,1,9,9,0
1259,8,2,2,5,5,8,10,10,8,0
1260,3,1,3,3,4,9,6,9,9,0
1261,2,2,2,3,2,4,4,5,5,0
1262,5,5,7,6,7,7,6,7,8,1
1263,7,5,8,7,8,8,8,8,9,1
1264,4,4,6,8,6,8,8,8,8,0
1265,10,10,10,10,10,10,10,10,10,2
1266,6,3,3,5,6,8,8,8,8,0
1267,7,5,5,5,8,7,7,8,7,1
1268,7,6,6,7,5,7,7,7,8,0
1269,4,3,5,3,3,9,8,10,10,0
1270,8,7,5,3,7,7,8,8,8,1
1271,7,5,6,6,5,8,8,8,8,0
1272,9,9,9,10,10,10,10,10,10,2
1273,8,1,2,5,6,8,8,8,8,2
1274,6,5,6,7,8,9,8,9,9,1
1275,8,7,8,8,8,7,7,7,9,2
1276,5,5,8,8,8,2,8,8,8,1
1277,5,6,8,4,5,5,6,7,6,1
1278,2,2,2,2,2,8,5,8,7,0
1279,4,4,5,4,4,8,6,9,8,0
1280,8,4,10,1,5,6,10,10,10,0
1281,9,8,7,10,6,10,10,10,10,2
1282,5,8,4,5,3,10,10,10,10,1
1283,2,1,1,2,2,2,1,3,2,0
1284,1,3,1,1,1,1,1,1,1,0
1285,7,8,8,8,6,6,6,9,7,1
1286,7,5,5,5,7,5,5,8,8,1
1287,7,6,5,7,7,8,6,8,8,1
1288,1,1,1,1,2,7,6,8,10,0
1289,3,7,7,2,2,5,3,2,3,0
1290,9,5,7,9,9,9,9,10,10,2
1291,8,5,8,5,10,8,10,10,8,1
1292,6,6,10,6,5,5,10,10,6,1
1293,1,6,4,1,1,3,1,5,7,0
1294,8,5,5,5,5,5,8,8,8,1
1295,7,7,7,8,8,8,9,8,9,1
1296,7,5,5,9,10,10,10,10,10,1
1297,1,1,1,5,5,5,4,4,4,0
1298,7,5,7,8,5,5,10,10,10,1
1299,7,5,8,5,5,9,9,8,10,1
1300,7,7,8,7,8,9,9,9,9,1
1301,8,10,10,10,9,10,10,9,9,2
1302,8,6,6,4,5,4,4,7,6,2
1303,7,6,6,8,7,6,7,6,8,2
1304,6,3,6,5,7,6,5,6,6,0
1305,2,2,2,8,8,8,8,8,8,2
1306,1,5,5,5,5,4,7,6,8,0
1307,8,10,10,10,10,10,10,10,10,2
1308,5,2,1,3,5,8,8,8,8,0
1309,2,2,1,6,6,8,2,8,5,0
1310,4,5,5,4,4,3,7,8,7,0
1311,7,8,8,8,8,8,8,10,7,2
1312,9,5,5,8,10,10,5,10,10,1
1313,10,8,8,10,10,10,10,10,10,2
1314,8,8,8,8,9,9,8,8,9,2
1315,8,10,6,4,4,10,10,10,2,1
1316,5,10,10,5,6,4,1,5,5,2
1317,6,7,8,8,8,9,9,9,9,2
1318,10,10,10,10,5,8,8,8,10,2
1319,4,7,7,1,4,3,3,3,3,1
1320,1,1,5,3,1,1,2,2,2,0
1321,10,10,10,10,10,10,10,10,10,2
1322,7,7,7,4,6,8,7,10,8,1
1323,10,10,9,9,8,10,10,10,10,2
1324,5,1,1,1,9,10,10,10,10,0
1325,6,7,8,7,7,8,8,8,8,1
1326,2,1,1,10,5,3,5,5,10,0
1327,6,5,5,8,8,8,8,9,9,1
1328,7,7,7,7,7,7,7,7,7,1
1329,3,3,6,5,3,3,8,8,2,0
1330,3,4,1,1,4,4,4,6,6,0
1331,10,1,1,10,10,10,10,10,10,0
1332,2,1,1,2,2,8,8,9,9,0
1333,8,6,7,7,8,9,9,9,9,1
1334,4,1,1,3,4,4,3,3,3,0
1335,5,5,7,1,9,5,9,9,10,1
1336,6,7,8,8,6,7,7,8,8,2
1337,7,8,8,6,6,6,6,7,7,1
1338,6,6,8,6,5,5,5,6,8,1
1339,8,8,8,7,8,8,10,10,10,1
1340,4,8,4,4,4,10,5,10,7,1
1341,8,8,8,5,8,5,5,9,9,1
1342,5,5,5,5,5,5,3,5,5,1
1343,8,8,9,8,8,9,9,9,9,2
1344,5,8,8,2,2,10,5,8,8,0
1345,3,6,8,5,5,6,8,8,5,1
1346,9,5,6,6,7,7,8,8,8,1
1347,5,5,5,8,5,8,6,8,8,1
1348,8,10,8,7,7,8,10,10,10,2
1349,3,2,4,6,4,10,7,10,10,0
1350,7,8,8,9,10,10,9,10,10,1
1351,1,3,1,1,1,1,1,1,1,0
1352,10,10,10,10,7,10,10,10,10,2
1353,5,8,8,8,2,8,8,8,8,2
1354,1,6,4,1,2,6,6,1,4,0
1355,8,6,8,6,8,9,9,8,7,1
1356,1,4,4,1,1,1,1,7,7,0
1357,3,3,2,3,3,7,7,8,8,0
1358,2,5,4,4,3,7,7,7,7,1
1359,1,3,3,3,4,4,8,7,7,0
1360,7,6,5,5,8,5,5,5,5,1
1361,7,6,5,7,6,5,7,7,5,1
1362,5,2,5,5,5,8,8,8,8,0
1363,1,5,5,1,2,5,5,5,5,0
1364,5,7,4,5,4,3,10,10,10,0
1365,1,5,5,1,1,1,10,10,10,0
1366,5,5,4,5,6,6,6,6,6,1
1367,3,3,3,5,5,5,5,7,6,0
1368,1,3,5,5,1,5,1,5,5,0
1369,7,5,5,7,8,8,7,7,7,1
1370,7,5,7,3,3,10,10,10,10,1
1371,9,9,9,9,8,10,9,10,10,2
1372,5,1,2,6,4,4,4,9,9,0
1373,3,3,3,5,2,1,5,7,8,0
1374,9,7,8,9,8,9,9,10,9,1
1375,1,1,1,1,1,1,1,1,1,0
1376,6,8,8,6,8,8,8,8,8,2
1377,10,10,10,10,8,10,10,10,10,2
1378,10,1,1,5,5,5,10,10,10,0
1379,8,8,8,8,10,10,10,10,10,2
1380,8,5,5,7,8,7,7,1,1,1
1381,4,2,6,3,4,1,1,9,9,0
1382,2,3,5,5,5,7,5,7,7,0
1383,5,6,4,4,6,3,6,5,6,0
1384,8,8,8,6,7,7,8,8,8,2
1385,8,1,1,8,8,8,8,9,9,1
1386,7,8,8,6,5,5,5,6,6,2
1387,9,8,8,9,9,9,8,8,8,2
1388,9,10,10,10,9,10,10,10,9,2
1389,9,9,9,9,9,9,8,9,9,2
1390,6,5,5,7,6,10,8,10,10,1
1391,7,6,6,7,6,7,6,7,6,1
1392,5,1,5,8,4,10,6,10,6,0
1393,5,3,3,5,5,8,8,8,8,1
1394,4,1,2,4,7,9,8,10,10,0
1395,1,2,2,6,2,7,7,6,5,0
1396,7,7,7,7,7,7,7,7,7,1
1397,5,5,5,5,5,8,8,8,4,0
1398,8,8,8,10,5,6,10,10,10,2
1399,8,5,7,10,8,5,10,7,5,1
1400,5,6,6,6,6,7,8,8,8,1
1401,5,5,6,8,8,8,8,8,8,1
1402,9,8,8,10,10,9,10,10,9,2
1403,10,9,9,10,10,10,10,10,10,2
1404,2,5,5,8,3,10,8,10,10,0
1405,8,9,10,10,8,10,10,10,10,2
1406,5,4,3,7,5,7,10,7,4,1
1407,4,6,8,5,5,5,8,9,8,0
1408,3,1,1,1,5,5,5,5,7,0
1409,8,7,6,9,9,8,9,8,7,1
1410,5,5,5,7,6,6,6,8,7,1
1411,1,1,1,5,3,10,5,1,3,0
1412,9,7,7,8,8,9,9,7,8,2
1413,10,10,10,10,10,10,10,10,10,2
1414,10,5,5,5,8,8,8,10,10,2
1415,5,5,10,8,5,5,5,5,10,0
1416,4,4,8,4,4,10,9,10,9,0
1417,4,4,4,6,6,6,6,6,6,0
1418,1,1,5,1,5,5,10,5,5,0
1419,6,6,7,7,5,5,7,7,7,1
1420,6,6,6,8,5,9,8,9,9,1
1421,6,7,9,7,7,9,8,9,9,1
1422,10,10,8,10,10,10,10,10,9,2
1423,8,8,8,8,5,8,7,8,8,0
1424,2,2,3,5,3,6,3,7,3,0
1425,5,5,5,1,1,1,5,5,5,1
1426,8,6,6,7,5,5,8,10,10,1
1427,8,8,8,8,8,8,8,8,8,2
1428,5,3,4,6,7,8,7,9,10,0
1429,10,10,8,10,10,10,10,10,10,2
1430,5,6,5,5,3,5,5,8,9,1
1431,8,8,8,10,8,5,10,10,10,2
1432,10,10,10,10,10,5,10,10,10,2
1433,5,1,2,5,5,7,5,8,8,1
1434,10,2,5,10,9,10,10,9,10,2
1435,5,4,8,8,7,8,4,10,10,0
1436,3,3,3,3,7,6,9,10,9,0
1437,3,5,8,10,1,10,10,10,10,2
1438,8,8,8,9,8,9,9,9,9,2
1439,2,1,1,1,3,7,1,7,7,0
1440,8,9,9,2,2,9,9,9,9,1
1441,9,7,8,7,8,7,7,8,8,1
1442,2,1,3,5,5,5,10,10,10,0
1443,8,6,7,7,7,8,8,8,8,1
1444,9,6,7,5,6,9,5,9,9,1
1445,9,8,8,8,8,8,9,9,9,2
1446,2,1,5,2,1,2,2,5,5,0
1447,8,8,8,2,2,8,8,8,8,2
1448,2,9,9,8,7,10,10,10,10,0
1449,5,5,5,5,2,7,2,5,7,0
1450,7,8,10,5,5,10,10,10,10,1
1451,5,5,5,5,3,5,5,5,7,1
1452,7,5,5,2,2,5,5,2,5,1
1453,7,8,7,8,6,7,7,8,7,1
1454,7,4,4,8,9,8,8,8,7,1
1455,3,2,2,2,3,2,8,8,8,0
1456,5,7,7,8,7,7,7,7,8,1
1457,6,5,6,6,5,7,7,7,7,1
1458,1,1,10,1,3,10,10,10,10,0
1459,8,5,5,9,9,9,10,10,9,1
1460,8,8,7,8,7,10,10,10,10,2
1461,5,1,1,5,5,5,5,5,5,0
1462,8,8,8,6,7,10,10,10,10,2
1463,3,4,4,3,3,3,4,4,3,0
1464,6,5,5,5,5,5,5,6,6,0
1465,8,5,5,8,8,10,8,10,10,1
1466,8,8,8,6,6,5,8,7,8,2
1467,1,5,1,1,1,6,1,8,6,0
1468,7,7,7,9,7,8,8,7,8,1
1469,1,1,1,1,1,1,1,1,1,0
1470,10,10,10,10,10,10,10,10,10,2
1471,10,6,10,10,10,10,10,10,10,2
1472,8,5,5,5,8,8,8,7,8,2
1473,6,8,9,6,6,5,6,7,7,1
1474,8,8,8,8,10,10,10,8,10,2
1475,5,6,6,6,5,8,8,8,8,1
1476,4,1,2,4,3,5,5,7,3,0
1477,8,10,10,10,10,10,10,10,10,2
1478,7,5,5,5,5,8,5,8,8,1
1479,7,6,7,7,4,10,10,10,10,1
1480,10,10,8,5,7,7,7,10,10,2
1481,8,7,8,10,10,8,8,8,10,2
1482,3,2,6,6,5,3,7,7,4,0
1483,6,2,2,6,7,7,7,7,6,0
1484,2,1,2,9,8,6,6,9,9,0
1485,6,8,5,8,5,9,9,9,9,1
1486,7,6,6,6,6,8,6,8,8,1
1487,6,5,5,7,5,6,7,7,7,1
1488,5,8,5,5,3,2,4,3,5,1
1489,5,1,1,2,5,5,5,8,5,0
1490,4,7,4,5,5,5,10,7,10,0
1491,10,10,10,5,8,10,10,10,10,2
1492,5,5,5,3,5,7,7,7,6,1
1493,7,8,9,8,8,7,8,10,10,1
1494,10,5,10,10,10,10,10,10,10,1
1495,2,2,2,3,2,5,5,8,8,0
1496,7,5,5,7,7,10,8,10,10,1
1497,8,7,7,6,5,8,7,10,8,1
1498,2,5,9,1,1,1,6,1,7,1
1499,3,6,7,1,2,4,4,6,6,1
1500,7,8,8,6,5,7,7,5,6,2
1501,4,4,4,4,4,7,5,7,7,0
1502,5,7,7,7,7,5,7,5,6,1
1503,6,8,9,5,6,10,6,10,10,1
1504,8,6,7,7,6,7,8,3,3,1
1505,8,5,6,7,8,9,7,8,8,1
1506,1,7,5,2,1,2,2,1,8,0
1507,7,7,7,8,7,7,8,8,7,1
1508,10,10,10,10,10,10,10,10,10,2
1509,4,8,9,5,5,10,8,8,8,1
1510,4,1,2,9,3,10,10,10,9,0
1511,5,5,6,7,6,8,10,10,9,0
1512,10,10,10,10,6,10,10,10,10,1
1513,7,6,7,8,8,9,8,9,9,0
1514,8,5,5,5,5,10,10,10,10,2
1515,8,8,8,8,8,8,8,8,8,2
1516,5,5,6,6,4,4,8,8,8,1
1517,2,2,8,2,5,10,10,10,10,0
1518,7,8,7,8,7,9,9,8,8,1
1519,5,5,4,10,5,10,10,10,10,1
1520,2,3,6,2,3,9,8,9,9,0
1521,6,5,5,7,6,7,9,9,9,1
1522,8,7,5,7,8,9,10,10,10,2
1523,5,3,7,5,3,9,9,9,9,0
1524,8,10,8,8,8,10,8,10,10,2
1525,9,9,9,9,9,9,9,9,9,2
1526,2,2,1,5,5,8,10,10,10,0
1527,6,6,6,6,8,6,6,6,5,1
1528,7,4,3,8,8,7,9,9,8,1
1529,2,1,1,5,5,5,5,5,5,0
1530,4,6,6,6,4,6,6,8,6,0
1531,9,9,9,9,8,9,9,9,9,2
1532,6,5,5,5,3,2,9,9,3,1
1533,5,10,10,10,4,10,10,10,10,0
1534,8,8,8,5,5,8,8,8,8,2
1535,5,5,8,5,4,4,5,5,7,1
1536,2,2,3,3,4,4,7,7,8,0
1537,4,1,5,9,7,9,10,9,9,0
1538,5,7,1,7,6,7,6,8,8,0
1539,1,2,1,1,1,1,2,5,5,0
1540,3,2,2,5,5,4,8,5,5,0
1541,2,6,6,1,2,2,2,2,7,0
1542,9,9,8,6,4,3,5,5,10,2
1543,5,5,5,4,5,8,8,8,8,1
1544,5,5,4,6,5,2,4,7,6,0
1545,8,9,10,9,10,8,10,10,10,2
1546,2,10,10,5,2,5,9,10,10,0
1547,6,6,10,6,6,7,6,10,10,1
1548,7,7,8,7,8,7,8,8,8,1
1549,4,5,5,4,4,6,5,5,4,1
1550,10,10,10,8,6,10,9,10,10,1
1551,1,1,1,1,2,1,1,8,9,0
1552,8,8,5,8,6,10,7,9,5,1
1553,4,5,7,1,2,1,2,1,1,0
1554,9,4,5,9,9,10,9,10,9,2
1555,4,4,5,5,6,8,7,9,9,0
1556,8,5,8,5,5,5,10,10,10,1
1557,8,7,7,5,5,9,8,10,7,2
1558,1,1,8,2,2,10,2,10,10,0
1559,8,8,8,7,7,7,8,7,8,1
1560,5,5,1,1,2,8,3,10,10,0
1561,6,6,8,8,8,7,9,9,9,1
1562,6,5,6,5,6,10,6,10,8,1
1563,8,4,3,5,6,8,5,8,8,0
1564,5,5,7,2,10,4,10,10,10,1
1565,6,8,9,9,8,10,10,10,10,1
1566,4,5,6,3,3,6,4,4,6,0
1567,4,6,8,5,5,5,9,9,9,0
1568,9,8,8,9,9,9,9,9,10,2
1569,8,6,8,7,9,9,9,9,9,2
1570,6,7,6,8,5,7,5,5,7,1
1571,7,7,9,3,7,8,8,8,8,1
1572,6,4,2,8,7,8,8,9,9,1
1573,3,8,7,5,4,8,7,4,2,0
1574,8,7,6,7,8,8,7,9,9,1
1575,5,7,5,7,5,7,9,5,5,1
1576,2,1,1,1,1,2,8,7,8,0
1577,4,4,3,4,6,8,8,4,4,1
1578,6,3,5,7,5,6,7,5,7,0
1579,5,4,7,4,6,6,7,5,5,0
1580,5,3,5,6,5,8,10,5,10,0
1581,10,10,10,10,10,10,10,10,10,2
1582,6,8,8,8,8,8,8,8,8,2
1583,9,10,10,10,9,10,8,10,10,2
1584,3,8,8,5,2,9,5,10,9,2
1585,2,6,6,8,5,8,5,9,8,2
1586,7,6,10,7,6,6,10,7,7,2
1587,7,5,5,5,6,8,8,8,8,1
1588,3,3,3,6,7,6,7,6,6,0
1589,2,2,5,10,5,9,10,8,10,0
1590,10,10,10,5,10,10,10,10,10,2
1591,8,7,8,6,6,7,8,8,7,1
1592,8,8,9,8,7,7,6,8,7,2
1593,7,5,1,7,7,5,7,5,5,0
1594,8,8,8,8,8,8,8,8,8,2
1595,8,6,10,10,8,10,10,10,10,1
1596,7,5,5,7,7,10,10,10,10,1
1597,3,2,8,3,2,3,3,8,8,0
1598,8,8,9,10,10,10,10,10,10,2
1599,8,7,9,9,9,9,9,9,9,2
1600,2,5,5,5,4,10,10,8,10,0
1601,10,5,5,1,8,10,10,10,10,1
1602,3,1,1,7,3,6,3,3,6,0
1603,4,5,7,4,4,4,6,6,4,0
1604,8,6,5,7,4,5,6,4,10,0
1605,1,1,1,1,1,1,1,1,1,0
1606,8,10,10,6,9,8,9,9,9,2
1607,6,6,6,4,4,8,4,8,8,0
1608,7,10,10,8,1,8,7,10,8,2
1609,5,7,8,6,5,5,6,6,6,1
1610,8,10,10,7,8,8,10,10,10,2
1611,1,1,3,7,2,7,7,7,7,0
1612,5,1,10,8,5,9,10,10,10,1
1613,3,3,3,8,5,8,7,7,8,0
1614,2,2,2,1,1,2,8,8,4,0
1615,7,5,5,5,5,8,5,8,8,1
1616,4,5,6,2,5,7,6,2,2,1
1617,5,4,3,5,1,10,10,3,10,1
1618,8,5,5,7,10,7,10,10,10,1
1619,8,8,9,8,8,9,9,9,9,2
1620,8,8,8,7,6,7,7,8,7,2
1621,3,3,10,1,3,3,10,3,2,0
1622,7,6,6,6,3,4,6,8,8,0
1623,5,7,5,8,7,9,9,9,9,1
1624,3,4,3,3,3,3,2,10,3,0
1625,5,5,5,5,7,7,8,7,8,1
1626,3,2,1,1,2,4,2,2,3,0
1627,4,4,4,4,4,4,5,5,5,1
1628,9,7,6,7,6,10,10,10,10,1
1629,7,7,8,8,8,8,8,8,8,1
1630,5,5,5,5,8,5,5,5,5,0
1631,6,9,8,9,6,9,9,10,10,2
1632,7,5,7,7,10,10,10,10,10,1
1633,7,8,10,5,7,5,7,7,7,2
1634,1,1,1,1,5,6,5,1,1,0
1635,5,1,1,4,5,5,6,7,4,0
1636,4,5,5,5,5,5,5,5,3,1
1637,8,7,9,6,6,6,8,8,8,2
1638,10,10,10,10,7,10,7,10,6,2
1639,9,9,8,7,8,10,8,9,10,2
1640,3,2,2,5,5,3,5,6,6,0
1641,6,7,7,7,7,7,6,7,7,1
1642,1,1,1,5,5,5,1,7,6,0
1643,4,1,5,6,5,6,6,7,6,0
1644,5,7,7,10,8,8,8,5,7,1
1645,7,8,10,7,7,5,7,5,5,2
1646,8,6,7,4,5,8,7,8,8,1
1647,3,3,7,4,5,6,6,7,7,0
1648,8,7,7,8,8,9,9,9,9,1
1649,1,1,1,1,1,2,2,5,5,0
1650,10,10,10,10,10,10,10,10,10,2
1651,5,7,5,10,5,10,10,10,10,1
1652,7,1,5,1,5,10,5,10,10,1
1653,2,2,2,5,6,6,5,5,3,1
1654,8,9,9,8,9,9,9,9,9,2
1655,9,10,10,8,8,8,6,8,10,2
1656,8,6,4,2,5,5,7,6,7,0
1657,3,6,9,3,3,7,8,10,10,0
1658,9,9,9,8,8,9,8,9,10,2
1659,1,1,5,2,2,8,8,10,8,0
1660,7,6,6,6,6,8,8,8,8,1
1661,10,9,9,10,10,10,10,10,10,2
1662,9,9,9,9,9,9,9,9,9,2
1663,6,7,7,6,6,6,6,7,7,1
1664,4,9,9,5,2,4,8,8,2,1
1665,3,5,8,5,2,5,8,8,8,0
1666,1,5,2,1,2,5,1,5,7,0
1667,4,2,5,1,5,4,5,4,5,0
1668,6,6,7,6,7,8,7,8,8,1
1669,9,10,9,9,10,10,10,10,10,2
1670,3,5,5,4,5,5,5,9,9,0
1671,7,4,5,4,5,7,8,7,8,0
1672,5,3,4,3,4,7,7,7,7,0
1673,5,5,5,5,8,8,8,8,8,1
1674,8,8,7,8,8,8,8,10,10,2
1675,4,5,5,3,5,5,5,5,5,1
1676,3,1,1,5,5,5,9,8,5,0
1677,9,5,5,10,7,10,10,10,7,1
1678,6,4,8,7,4,8,7,8,7,0
1679,6,3,8,6,6,5,7,5,8,0
1680,8,7,8,8,7,7,9,9,9,1
1681,8,8,8,8,8,10,8,8,8,2
1682,8,6,7,8,8,9,8,8,8,1
1683,5,1,3,4,5,6,5,8,8,0
1684,3,5,5,1,5,8,3,8,8,0
1685,6,5,8,8,9,9,8,7,9,2
1686,7,7,9,8,6,9,9,9,9,1
1687,10,8,10,10,8,8,10,10,8,2
1688,5,5,5,5,5,5,5,5,5,1
1689,8,8,8,8,8,8,8,8,8,2
1690,8,10,4,6,7,8,5,7,8,2
1691,4,7,7,4,3,5,8,6,7,1
1692,9,8,8,8,8,10,8,8,8,2
1693,8,8,8,9,8,8,9,8,9,2
1694,1,5,2,5,1,10,10,10,8,0
1695,9,9,8,8,9,9,8,8,9,1
1696,7,7,7,6,7,8,7,7,6,2
1697,5,3,3,5,4,7,7,8,5,1
1698,5,1,7,9,7,10,10,10,10,1
1699,10,8,10,10,10,10,10,10,10,1
1700,5,4,6,7,5,6,7,5,7,1
1701,10,10,10,10,10,10,10,10,10,2
1702,6,5,4,5,5,5,7,5,6,1
1703,4,4,7,6,3,8,2,10,2,0
1704,7,6,5,7,8,8,8,8,8,1
1705,6,1,1,5,6,6,6,6,6,1
1706,1,1,1,1,1,5,5,5,5,0
1707,3,3,5,2,3,6,7,6,7,0
1708,2,1,5,1,2,10,10,10,10,0
1709,3,7,6,2,3,4,5,3,5,1
1710,7,6,6,5,8,8,7,7,8,1
1711,5,2,1,4,7,7,7,10,10,0
1712,8,5,10,8,2,10,8,8,10,1
1713,2,4,2,2,1,5,2,6,6,0
1714,9,8,8,10,10,9,10,9,9,2
1715,8,7,8,8,9,9,9,9,9,1
1716,7,8,8,8,6,6,8,8,10,1
1717,8,10,10,8,8,7,10,10,10,2
1718,6,3,7,3,3,9,8,9,9,0
1719,5,5,8,5,1,10,5,10,10,1
1720,5,5,5,5,5,8,5,5,8,1
1721,10,10,10,10,10,10,10,10,10,2
1722,8,8,8,10,8,10,10,8,8,2
1723,5,6,5,3,5,7,7,7,8,1
1724,7,7,7,5,5,7,6,6,6,1
1725,6,8,6,8,6,6,6,6,6,1
1726,5,5,5,5,5,10,5,5,10,1
1727,8,8,8,8,8,8,8,8,8,2
1728,2,8,8,8,2,8,8,8,8,2
1729,10,10,10,9,10,10,10,9,9,2
1730,5,7,8,7,4,7,8,4,6,1
1731,9,9,7,9,6,9,9,9,9,1
1732,9,9,8,9,8,9,9,8,9,2
1733,7,5,6,5,7,10,10,7,10,2
1734,3,4,4,5,4,5,8,10,10,0
1735,4,4,1,5,6,7,5,7,2,0
1736,5,7,7,8,9,9,10,8,10,1
1737,10,10,10,10,10,10,10,10,10,2
1738,5,5,6,6,4,6,5,8,8,1
1739,7,5,7,7,8,8,8,10,10,1
1740,7,5,8,5,9,5,8,8,4,2
1741,5,8,6,5,4,4,8,9,5,1
1742,7,5,5,5,5,8,8,8,8,1
1743,8,6,8,8,3,10,10,5,10,1
1744,6,6,6,6,8,10,10,10,10,1
1745,6,6,8,8,8,5,7,9,8,1
1746,8,5,8,10,8,10,8,10,10,1
1747,5,5,2,3,3,7,3,2,7,0
1748,2,5,3,1,3,5,5,7,5,0
1749,8,7,9,8,5,7,9,10,9,2
1750,6,5,5,8,8,8,8,10,8,1
1751,7,5,5,7,8,8,8,8,9,0
1752,8,7,7,7,6,6,8,7,8,1
1753,1,1,5,1,1,1,6,1,1,0
1754,6,6,5,6,8,8,9,8,8,1
1755,8,8,8,8,8,8,8,8,8,2
1756,5,6,5,2,6,7,5,8,8,0
1757,6,8,7,5,2,7,8,7,7,1
1758,7,8,8,8,5,10,9,9,9,2
1759,7,7,7,5,6,4,6,5,8,1
1760,6,5,6,7,5,8,7,8,7,1
1761,10,10,10,8,10,10,10,10,10,2
1762,5,6,7,6,6,10,10,10,10,1
1763,6,7,7,8,6,10,8,8,8,1
1764,7,5,10,7,8,8,8,8,7,0
1765,6,5,6,6,7,7,7,7,7,1
1766,10,10,10,10,10,10,10,10,10,2
1767,10,10,10,10,10,10,10,10,10,2
1768,6,7,5,7,6,10,10,10,8,1
1769,8,8,7,7,7,8,7,9,8,1
1770,7,5,8,8,7,6,9,9,9,1
1771,9,9,9,9,7,9,9,10,10,2
1772,2,8,10,2,2,10,8,8,10,0
1773,9,9,8,7,7,8,9,8,9,2
1774,7,2,1,5,7,7,8,8,10,0
1775,1,5,1,7,5,4,5,4,5,0
1776,6,8,7,5,8,5,8,8,3,2
1777,5,6,8,5,8,4,5,7,5,1
1778,5,5,7,10,6,10,7,10,10,0
1779,9,10,10,7,8,6,8,8,8,2
1780,3,3,3,7,3,5,5,3,3,0
1781,7,7,7,7,7,10,10,10,10,1
1782,6,3,5,5,5,8,5,6,10,1
1783,10,10,10,10,10,10,10,10,10,2
1784,3,2,5,3,3,10,10,10,10,0
1785,8,2,2,7,5,10,10,7,7,0
1786,6,4,4,8,8,6,8,5,5,0
1787,10,10,10,10,10,10,10,10,10,2
1788,3,1,1,5,4,8,5,10,5,0
1789,8,5,5,5,7,9,9,9,8,1
1790,9,8,8,8,8,10,10,8,10,1
1791,8,8,8,8,8,10,9,10,10,2
1792,7,1,5,10,10,10,10,10,10,2
1793,8,8,5,7,7,8,7,8,7,1
1794,5,4,6,4,6,7,8,8,8,1
1795,10,10,5,5,10,10,10,10,10,2
1796,10,10,10,5,5,5,5,10,10,1
1797,10,10,10,10,10,10,10,10,10,2
1798,3,1,1,5,5,5,5,5,5,0
1799,7,4,4,5,5,6,7,7,4,1
1800,10,10,8,10,10,10,10,10,10,2
1801,6,7,8,7,7,9,8,9,9,1
1802,8,6,5,7,9,8,8,9,8,1
1803,9,7,7,7,8,8,8,10,9,2
1804,8,8,8,10,9,10,10,10,9,2
1805,5,10,10,10,7,10,8,10,10,1
1806,5,4,8,4,9,9,7,9,9,0
1807,2,5,3,3,3,6,7,8,8,0
1808,6,6,6,7,7,7,7,7,7,1
1809,1,1,1,10,1,5,1,9,10,0
1810,10,10,10,10,10,10,10,10,10,2
